Final Name,Image Name,Image Source,Original Size (KB),Location,Area,ByteSSIM,Final Size (KB),Worst Size (KB),Worst SSIM,Worst Resolution,SSIM,Weighted Sum,Resolution Percentage
reduced_228x64.png,228x64.png,https://ae01.alicdn.com/kf/Saa94d6f7f18e4bf5ad94bb3ddb0a7870A/228x64.png,7.4150390625,2.9300291545189507,0.0042673107890499,0.9651162790697676,4.486328125,3.0478515625,1.0,90,1.0,0.9693835898588176,5.0
reduced_10x10.png,10x10.png,https://ae01.alicdn.com/kf/S9b85a05a759e4e04bb44b5fa26fbd637g/10x10.png,0.0927734375,1.0,0.0,1.0,0.27734375,0.0927734375,1.0,100,1.0,1.0,5.0
reduced_S9e36789fbfbd4b9f926146cbcaa291ac1.jpg_100x100Q90.jpg_.webp,S9e36789fbfbd4b9f926146cbcaa291ac1.jpg_100x100Q90.jpg_.webp,https://ae04.alicdn.com/kf/S9e36789fbfbd4b9f926146cbcaa291ac1.jpg_100x100Q90.jpg_.webp,4.0537109375,1.0,0.0,1.0,0.705078125,4.0537109375,1.0,100,0.9033790746992353,1.0,5.0
reduced_S719593b232994ac08c3ded6a97071acfW.png_100x100.png_.webp,S719593b232994ac08c3ded6a97071acfW.png_100x100.png_.webp,https://ae04.alicdn.com/kf/S719593b232994ac08c3ded6a97071acfW.png_100x100.png_.webp,6.041015625,1.0,0.0,1.0,1.041015625,6.041015625,1.0,100,0.9252282429471294,1.0,5.0
reduced_H064bc3624beb441c994d445f6a5ccef6S.jpg_100x100Q90.jpg_.webp,H064bc3624beb441c994d445f6a5ccef6S.jpg_100x100Q90.jpg_.webp,https://ae04.alicdn.com/kf/H064bc3624beb441c994d445f6a5ccef6S.jpg_100x100Q90.jpg_.webp,2.2802734375,1.0,0.0,1.0,0.34765625,2.2802734375,1.0,100,0.9038461117698096,1.0,5.0
reduced_He81b0f4f03d64dcbabe99916f0acab58j.jpg_100x100Q90.jpg_.webp,He81b0f4f03d64dcbabe99916f0acab58j.jpg_100x100Q90.jpg_.webp,https://ae04.alicdn.com/kf/He81b0f4f03d64dcbabe99916f0acab58j.jpg_100x100Q90.jpg_.webp,1.4013671875,1.0,0.0,1.0,0.17578125,1.4013671875,1.0,100,0.9067084124235918,1.0,5.0
reduced_S2296bc623cab40ca86a9ab4d5eadcde85.jpg_100x100Q90.jpg_.webp,S2296bc623cab40ca86a9ab4d5eadcde85.jpg_100x100Q90.jpg_.webp,https://ae04.alicdn.com/kf/S2296bc623cab40ca86a9ab4d5eadcde85.jpg_100x100Q90.jpg_.webp,4.3603515625,1.0,0.0,1.0,0.82421875,4.3603515625,1.0,100,0.9131610698614934,1.0,15.0
reduced_Sb5613e8cf04c4f4a8dec34e3c418d7dfK.jpg_100x100Q90.jpg_.webp,Sb5613e8cf04c4f4a8dec34e3c418d7dfK.jpg_100x100Q90.jpg_.webp,https://ae04.alicdn.com/kf/Sb5613e8cf04c4f4a8dec34e3c418d7dfK.jpg_100x100Q90.jpg_.webp,4.7021484375,1.0,0.0,1.0,0.880859375,4.7021484375,1.0,100,0.9046694772919296,1.0,10.0
reduced_S731bd597fb4a47118552f8bfff45a7772.jpg_100x100Q90.jpg_.webp,S731bd597fb4a47118552f8bfff45a7772.jpg_100x100Q90.jpg_.webp,https://ae04.alicdn.com/kf/S731bd597fb4a47118552f8bfff45a7772.jpg_100x100Q90.jpg_.webp,3.150390625,1.0,0.0,1.0,0.462890625,3.150390625,1.0,100,0.9210827396582705,1.0,10.0
reduced_S051c4a4dd4ea46b880de0d342e1eb98aW.jpg_100x100Q90.jpg_.webp,S051c4a4dd4ea46b880de0d342e1eb98aW.jpg_100x100Q90.jpg_.webp,https://ae04.alicdn.com/kf/S051c4a4dd4ea46b880de0d342e1eb98aW.jpg_100x100Q90.jpg_.webp,2.5166015625,1.0,0.0,1.0,0.37109375,2.5166015625,1.0,100,0.9463733114206805,1.0,5.0
reduced_S3916fe5fe1eb4998ad6ea64175a878adA.jpg_100x100Q90.jpg_.webp,S3916fe5fe1eb4998ad6ea64175a878adA.jpg_100x100Q90.jpg_.webp,https://ae04.alicdn.com/kf/S3916fe5fe1eb4998ad6ea64175a878adA.jpg_100x100Q90.jpg_.webp,2.365234375,1.0,0.0,1.0,0.380859375,2.365234375,1.0,100,0.9211061343379626,1.0,10.0
reduced_S0b93ad0e1ae043af8e68bc688e35d3133.jpg_100x100Q90.jpg_.webp,S0b93ad0e1ae043af8e68bc688e35d3133.jpg_100x100Q90.jpg_.webp,https://ae04.alicdn.com/kf/S0b93ad0e1ae043af8e68bc688e35d3133.jpg_100x100Q90.jpg_.webp,3.666015625,1.0,0.0,1.0,0.556640625,3.666015625,1.0,100,0.9067163124237281,1.0,10.0
reduced_H3bc8d62679dd4bf69351d80021b29d2cv.jpg_200x200Q90.jpg_.webp,H3bc8d62679dd4bf69351d80021b29d2cv.jpg_200x200Q90.jpg_.webp,https://ae01.alicdn.com/kf/H3bc8d62679dd4bf69351d80021b29d2cv.jpg_200x200Q90.jpg_.webp,8.673828125,1.0,0.0,1.0,4.501953125,8.673828125,1.0,100,0.9499777538434985,1.0,5.0
reduced_20x20.png,20x20.png,https://ae01.alicdn.com/kf/H107313c145a24eec94287c19fd2aa5c0e/20x20.png,0.8212890625,0.8448217888365838,0.0021470746108427,1.0,1.013671875,0.8212890625,1.0,100,1.0,1.0021470746108427,5.0
reduced_TB1GSux3fb2gK0jSZK9XXaEgFXa-21-21.png,TB1GSux3fb2gK0jSZK9XXaEgFXa-21-21.png,https://img.alicdn.com/tfs/TB1GSux3fb2gK0jSZK9XXaEgFXa-21-21.png,0.21484375,335.0000000000031,0.0023671497584541,1.0,0.392578125,0.21484375,1.0,100,1.0,1.002367149758454,5.0
reduced_250x64.png,250x64.png,https://ae01.alicdn.com/kf/Sba3affa33fb2433f934852e5b2abaf25v/250x64.png,6.7392578125,3.654545454545455,0.0047504025764895,1.0,5.2265625,2.5244140625,1.0,90,1.0,1.0047504025764895,5.0
reduced_TB1OQux3hD1gK0jSZFsXXbldVXa-134-32.png,TB1OQux3hD1gK0jSZFsXXbldVXa-134-32.png,https://img.alicdn.com/tfs/TB1OQux3hD1gK0jSZFsXXbldVXa-134-32.png,0.9599609375,68.83561643835655,0.0165217391304347,1.0,1.4814453125,0.9599609375,1.0,100,1.0,1.0165217391304349,5.0
reduced_368x55.png_250x250.png_.webp,368x55.png_250x250.png_.webp,https://ae01.alicdn.com/kf/H6a103b65f0b64afdaf4fa405254b44few/368x55.png_250x250.png_.webp,4.203125,6.525974025974025,0.0414278046162104,1.0,4.203125,4.203125,1.0,100,1.0,1.0414278046162104,100.0
reduced_S1a09bd0a899b4d4a85698ccc1842a78dA.jpg_120x120Q90.jpg_.webp,S1a09bd0a899b4d4a85698ccc1842a78dA.jpg_120x120Q90.jpg_.webp,https://ae04.alicdn.com/kf/S1a09bd0a899b4d4a85698ccc1842a78dA.jpg_120x120Q90.jpg_.webp,2.1650390625,8.604452054794525,0.0421578099838969,1.0,0.24609375,2.1650390625,1.0,100,0.9173211338467064,1.0421578099838968,5.0
reduced_S7f4f57ba59f84541af766a7a5db3ad02k.jpg_120x120Q90.jpg_.webp,S7f4f57ba59f84541af766a7a5db3ad02k.jpg_120x120Q90.jpg_.webp,https://ae04.alicdn.com/kf/S7f4f57ba59f84541af766a7a5db3ad02k.jpg_120x120Q90.jpg_.webp,6.189453125,8.604452054794525,0.0421578099838969,1.0,1.705078125,6.189453125,1.0,100,0.9050634199318045,1.0421578099838968,30.0
reduced_S5ea514f0307f4ce59c416ce5ca880bef2.jpg_120x120Q90.jpg_.webp,S5ea514f0307f4ce59c416ce5ca880bef2.jpg_120x120Q90.jpg_.webp,https://ae04.alicdn.com/kf/S5ea514f0307f4ce59c416ce5ca880bef2.jpg_120x120Q90.jpg_.webp,4.609375,8.604452054794525,0.0421578099838969,1.0,1.048828125,4.609375,1.0,100,0.9005282408261951,1.0421578099838968,25.0
reduced_Sc0b1b00ed531494bbad2ab8908022a176.jpg_120x120Q90.jpg_.webp,Sc0b1b00ed531494bbad2ab8908022a176.jpg_120x120Q90.jpg_.webp,https://ae04.alicdn.com/kf/Sc0b1b00ed531494bbad2ab8908022a176.jpg_120x120Q90.jpg_.webp,4.515625,8.604452054794525,0.0421578099838969,1.0,1.1015625,4.515625,1.0,100,0.9139702810303819,1.0421578099838968,5.0
reduced_Sfb5237ae97634ed7ad19ee089cf74891N.jpg_120x120Q90.jpg_.webp,Sfb5237ae97634ed7ad19ee089cf74891N.jpg_120x120Q90.jpg_.webp,https://ae04.alicdn.com/kf/Sfb5237ae97634ed7ad19ee089cf74891N.jpg_120x120Q90.jpg_.webp,3.005859375,8.604452054794525,0.0421578099838969,1.0,0.443359375,3.005859375,1.0,100,0.9176892221796548,1.0421578099838968,10.0
reduced_S0866ad532c8647d399b7da0d024e6318G.jpg_120x120Q90.jpg_.webp,S0866ad532c8647d399b7da0d024e6318G.jpg_120x120Q90.jpg_.webp,https://ae04.alicdn.com/kf/S0866ad532c8647d399b7da0d024e6318G.jpg_120x120Q90.jpg_.webp,4.8837890625,8.604452054794525,0.0421578099838969,1.0,0.701171875,4.8837890625,1.0,100,0.9027816121066723,1.0421578099838968,5.0
reduced_Hb8ca4cf21be9437a90cd8a2be13adc82D.jpg_120x120Q90.jpg_.webp,Hb8ca4cf21be9437a90cd8a2be13adc82D.jpg_120x120Q90.jpg_.webp,https://ae04.alicdn.com/kf/Hb8ca4cf21be9437a90cd8a2be13adc82D.jpg_120x120Q90.jpg_.webp,3.734375,8.604452054794525,0.0421578099838969,1.0,0.607421875,3.734375,1.0,100,0.9004109002086292,1.0421578099838968,15.0
reduced_H5149038d2db24bcaa7bd0452c148cace8.jpg_120x120Q90.jpg_.webp,H5149038d2db24bcaa7bd0452c148cace8.jpg_120x120Q90.jpg_.webp,https://ae04.alicdn.com/kf/H5149038d2db24bcaa7bd0452c148cace8.jpg_120x120Q90.jpg_.webp,4.3173828125,8.604452054794525,0.0558454106280193,1.0,0.6015625,4.3173828125,1.0,100,0.9043658665446009,1.0558454106280193,5.0
reduced_S789a3bf7aed94747992a4b3957fe085ff.jpg_120x120Q90.jpg_.webp,S789a3bf7aed94747992a4b3957fe085ff.jpg_120x120Q90.jpg_.webp,https://ae04.alicdn.com/kf/S789a3bf7aed94747992a4b3957fe085ff.jpg_120x120Q90.jpg_.webp,2.5185546875,8.604452054794525,0.0558454106280193,1.0,0.349609375,2.5185546875,1.0,100,0.9714947661106459,1.0558454106280193,5.0
reduced_S08a9499b8ad4431c9327781d2e4ccdefo.jpg_120x120Q90.jpg_.webp,S08a9499b8ad4431c9327781d2e4ccdefo.jpg_120x120Q90.jpg_.webp,https://ae04.alicdn.com/kf/S08a9499b8ad4431c9327781d2e4ccdefo.jpg_120x120Q90.jpg_.webp,4.2578125,8.604452054794525,0.0558454106280193,1.0,0.6953125,4.2578125,1.0,100,0.9181321986047946,1.0558454106280193,5.0
reduced_H05f77e058e4941c0b5702cbbb0961ac2h.jpg_120x120Q90.jpg_.webp,H05f77e058e4941c0b5702cbbb0961ac2h.jpg_120x120Q90.jpg_.webp,https://ae04.alicdn.com/kf/H05f77e058e4941c0b5702cbbb0961ac2h.jpg_120x120Q90.jpg_.webp,6.3828125,8.604452054794525,0.0558454106280193,1.0,1.087890625,6.3828125,1.0,100,0.9052740138474935,1.0558454106280193,5.0
reduced_Sc05e47f5187b42de8a838684a201b8f3P.jpg_120x120Q90.jpg_.webp,Sc05e47f5187b42de8a838684a201b8f3P.jpg_120x120Q90.jpg_.webp,https://ae04.alicdn.com/kf/Sc05e47f5187b42de8a838684a201b8f3P.jpg_120x120Q90.jpg_.webp,3.255859375,8.604452054794525,0.0558454106280193,1.0,0.443359375,3.255859375,1.0,100,0.9235456546087861,1.0558454106280193,5.0
reduced_284x64.png,284x64.png,https://ae01.alicdn.com/kf/S3e63f64d6ebf469a8a9dd22e9483e0eag/284x64.png,6.630859375,3.654545454545455,0.0053945249597423,1.1021450459652706,4.9697265625,2.806640625,1.0,90,1.0,1.1075395709250129,5.0
reduced_Sce6ccdfc0cad44cca348c26e38ce6256f.jpg_200x200Q90.jpg_.webp,Sce6ccdfc0cad44cca348c26e38ce6256f.jpg_200x200Q90.jpg_.webp,https://ae01.alicdn.com/kf/Sce6ccdfc0cad44cca348c26e38ce6256f.jpg_200x200Q90.jpg_.webp,3.935546875,6.128048780487807,0.1662694578636607,1.0,0.64453125,3.935546875,1.0,100,0.9197579985565959,1.1662694578636608,5.0
reduced_Sdaf1f042765446298f2b32d8e71dda7dw.jpg_200x200Q90.jpg_.webp,Sdaf1f042765446298f2b32d8e71dda7dw.jpg_200x200Q90.jpg_.webp,https://ae01.alicdn.com/kf/Sdaf1f042765446298f2b32d8e71dda7dw.jpg_200x200Q90.jpg_.webp,9.53515625,6.128048780487807,0.1662694578636607,1.0,1.9765625,9.53515625,1.0,100,0.9179646847741417,1.1662694578636608,5.0
reduced_S4d96889c82224edba31ac8401f178b7bC.jpg_200x200Q90.jpg_.webp,S4d96889c82224edba31ac8401f178b7bC.jpg_200x200Q90.jpg_.webp,https://ae01.alicdn.com/kf/S4d96889c82224edba31ac8401f178b7bC.jpg_200x200Q90.jpg_.webp,7.14453125,6.128048780487807,0.1662694578636607,1.0,3.890625,7.14453125,1.0,100,0.9204908820668107,1.1662694578636608,5.0
reduced_S61180484997e468d8ccfb6b296734a9ax.jpg_200x200Q90.jpg_.webp,S61180484997e468d8ccfb6b296734a9ax.jpg_200x200Q90.jpg_.webp,https://ae01.alicdn.com/kf/S61180484997e468d8ccfb6b296734a9ax.jpg_200x200Q90.jpg_.webp,4.19921875,6.128048780487807,0.1662694578636607,1.0,1.13671875,4.19921875,1.0,100,0.9669271757103258,1.1662694578636608,5.0
reduced_Sc3a18ae843284726a35fd52b0bbe473fH.jpg_200x200Q90.jpg_.webp,Sc3a18ae843284726a35fd52b0bbe473fH.jpg_200x200Q90.jpg_.webp,https://ae01.alicdn.com/kf/Sc3a18ae843284726a35fd52b0bbe473fH.jpg_200x200Q90.jpg_.webp,2.673828125,6.128048780487807,0.1662694578636607,1.0,0.607421875,2.673828125,1.0,100,0.9482045467669502,1.1662694578636608,5.0
reduced_Silicone-Eyeliner-Makeup-Stencils-Wing-Tips-Marscara-Drawing-Lipstick-Wearing-Aid-Face-Cream-Mask-Applicator-Makeup.jpg_220x220xz.jpg_.webp,Silicone-Eyeliner-Makeup-Stencils-Wing-Tips-Marscara-Drawing-Lipstick-Wearing-Aid-Face-Cream-Mask-Applicator-Makeup.jpg_220x220xz.jpg_.webp,https://ae01.alicdn.com/kf/S67b2a2d1630643629f69716824eedb6bf/Silicone-Eyeliner-Makeup-Stencils-Wing-Tips-Marscara-Drawing-Lipstick-Wearing-Aid-Face-Cream-Mask-Applicator-Makeup.jpg_220x220xz.jpg_.webp,9.2578125,1.8259447674418603,0.1937734836285561,1.0,4.66796875,9.2578125,1.0,100,0.9007680867401787,1.193773483628556,10.0
reduced_Headwear-Set-New-Women-Fashion-Claw-Clip-Coffee-Black-Acrylic-Large-Hair-Claw-Korean-For-Girl.jpg_220x220xz.jpg_.webp,Headwear-Set-New-Women-Fashion-Claw-Clip-Coffee-Black-Acrylic-Large-Hair-Claw-Korean-For-Girl.jpg_220x220xz.jpg_.webp,https://ae01.alicdn.com/kf/S32e82ae2b43c464e9dcd70b43d34ec1ct/Headwear-Set-New-Women-Fashion-Claw-Clip-Coffee-Black-Acrylic-Large-Hair-Claw-Korean-For-Girl.jpg_220x220xz.jpg_.webp,9.40625,1.8259447674418603,0.1937734836285561,1.0,3.150390625,9.40625,1.0,100,0.9080505665933367,1.193773483628556,15.0
reduced_Car-Speed-Gearbox-Gear-Head-Keychain-Manual-Transmission-Lever-Metal-Key-Ring-Car-Refitting-Metal-Pendant.jpg_220x220xz.jpg_.webp,Car-Speed-Gearbox-Gear-Head-Keychain-Manual-Transmission-Lever-Metal-Key-Ring-Car-Refitting-Metal-Pendant.jpg_220x220xz.jpg_.webp,https://ae01.alicdn.com/kf/S33682310ccae40a7a105b1571477f34eW/Car-Speed-Gearbox-Gear-Head-Keychain-Manual-Transmission-Lever-Metal-Key-Ring-Car-Refitting-Metal-Pendant.jpg_220x220xz.jpg_.webp,6.861328125,1.8259447674418603,0.1937734836285561,1.0,2.099609375,6.861328125,1.0,100,0.9361375178780926,1.193773483628556,5.0
reduced_Rack-TV-Monitor-Organizer-Screen-Top-Storage-Shelf-Holder-Practical-Home-Storage-Computer-Office-Multi-functional.jpg_220x220xz.jpg_.webp,Rack-TV-Monitor-Organizer-Screen-Top-Storage-Shelf-Holder-Practical-Home-Storage-Computer-Office-Multi-functional.jpg_220x220xz.jpg_.webp,https://ae01.alicdn.com/kf/H10f6049c04684345a199a808d6fbcd252/Rack-TV-Monitor-Organizer-Screen-Top-Storage-Shelf-Holder-Practical-Home-Storage-Computer-Office-Multi-functional.jpg_220x220xz.jpg_.webp,10.8125,1.8259447674418603,0.1937734836285561,1.0,5.166015625,10.8125,1.0,100,0.9218778290717571,1.193773483628556,5.0
reduced_New-Adjustable-Temperature-Electric-Soldering-Iron-220V-60W-Welding-Solder-Rework-Station-Heat-Pencil-Tips-Repair.jpg_220x220xz.jpg_.webp,New-Adjustable-Temperature-Electric-Soldering-Iron-220V-60W-Welding-Solder-Rework-Station-Heat-Pencil-Tips-Repair.jpg_220x220xz.jpg_.webp,https://ae01.alicdn.com/kf/S60bf2b3405af4ea0bc8ba288a19c39f2C/New-Adjustable-Temperature-Electric-Soldering-Iron-220V-60W-Welding-Solder-Rework-Station-Heat-Pencil-Tips-Repair.jpg_220x220xz.jpg_.webp,6.40625,1.6256874797800065,0.1937734836285561,1.0,2.435546875,6.40625,1.0,100,0.9590468337559662,1.193773483628556,5.0
reduced_2-in-1-Groove-Cleaning-Tool-Window-Frame-Door-Groove-Cleaning-Brush-Sliding-Door-Track-Cleaning.jpg_220x220xz.jpg_.webp,2-in-1-Groove-Cleaning-Tool-Window-Frame-Door-Groove-Cleaning-Brush-Sliding-Door-Track-Cleaning.jpg_220x220xz.jpg_.webp,https://ae01.alicdn.com/kf/Sab019ca40bf647d2bae0e26d6ee0fbeas/2-in-1-Groove-Cleaning-Tool-Window-Frame-Door-Groove-Cleaning-Brush-Sliding-Door-Track-Cleaning.jpg_220x220xz.jpg_.webp,5.646484375,1.6256874797800065,0.1937734836285561,1.0,1.828125,5.646484375,1.0,100,0.9050658568882914,1.193773483628556,15.0
reduced_Adjustable-Door-Bottom-Seal-Strip-Weatherstrip-Under-Door-Draft-Stopper-Anti-Cold-One-Side-Gap-Blocker.jpg_220x220xz.jpg_.webp,Adjustable-Door-Bottom-Seal-Strip-Weatherstrip-Under-Door-Draft-Stopper-Anti-Cold-One-Side-Gap-Blocker.jpg_220x220xz.jpg_.webp,https://ae01.alicdn.com/kf/S0e27e1dfaf874e64b3ec9be22099c9e2E/Adjustable-Door-Bottom-Seal-Strip-Weatherstrip-Under-Door-Draft-Stopper-Anti-Cold-One-Side-Gap-Blocker.jpg_220x220xz.jpg_.webp,5.572265625,1.6256874797800065,0.1937734836285561,1.0,1.833984375,5.572265625,1.0,100,0.9024639831030908,1.193773483628556,15.0
reduced_7-0-5-5-MM-IP67-Waterproof-Endoscope-Camera-6-LEDs-Adjustable-USB-Android-Flexible-Inspection.jpg_220x220xz.jpg_.webp,7-0-5-5-MM-IP67-Waterproof-Endoscope-Camera-6-LEDs-Adjustable-USB-Android-Flexible-Inspection.jpg_220x220xz.jpg_.webp,https://ae01.alicdn.com/kf/H843c5dd805d349bd84c6b79415e2ddb7a/7-0-5-5-MM-IP67-Waterproof-Endoscope-Camera-6-LEDs-Adjustable-USB-Android-Flexible-Inspection.jpg_220x220xz.jpg_.webp,8.203125,1.6256874797800065,0.1937734836285561,1.0,2.244140625,8.203125,1.0,100,0.9073189734036718,1.193773483628556,5.0
reduced_Ultra-Light-Silicone-TR-Sports-Myopia-Glasses-Anti-Blue-Light-Men-Basketball-Football-Anti-Shedding-Nearsightedness.jpg_220x220xz.jpg_.webp,Ultra-Light-Silicone-TR-Sports-Myopia-Glasses-Anti-Blue-Light-Men-Basketball-Football-Anti-Shedding-Nearsightedness.jpg_220x220xz.jpg_.webp,https://ae01.alicdn.com/kf/Sb9c8f9a71e94464a9e4a14dd6c2a74c5d/Ultra-Light-Silicone-TR-Sports-Myopia-Glasses-Anti-Blue-Light-Men-Basketball-Football-Anti-Shedding-Nearsightedness.jpg_220x220xz.jpg_.webp,10.431640625,1.6256874797800065,0.1937734836285561,1.0,3.828125,10.431640625,1.0,100,0.9166943942237201,1.193773483628556,10.0
reduced_127-328pcs-Heat-Shrink-Tube-2-1-Shrinkable-Wire-Shrinking-Wrap-Tubing-Wire-Connect-Cover-Protection.jpg_220x220xz.jpg_.webp,127-328pcs-Heat-Shrink-Tube-2-1-Shrinkable-Wire-Shrinking-Wrap-Tubing-Wire-Connect-Cover-Protection.jpg_220x220xz.jpg_.webp,https://ae01.alicdn.com/kf/S1ae5660d75af4752b364199d14cdd73eB/127-328pcs-Heat-Shrink-Tube-2-1-Shrinkable-Wire-Shrinking-Wrap-Tubing-Wire-Connect-Cover-Protection.jpg_220x220xz.jpg_.webp,14.880859375,1.481426886792453,0.1937734836285561,1.0,7.17578125,14.880859375,1.0,100,0.9062648845864517,1.193773483628556,10.0
reduced_Men-Manual-Beard-Shaver-Head-Replacement-Blade-Beard-Trimmer-Shaver-Blades-Spare-Parts-For-QP210-QP6523.jpg_220x220xz.jpg_.webp,Men-Manual-Beard-Shaver-Head-Replacement-Blade-Beard-Trimmer-Shaver-Blades-Spare-Parts-For-QP210-QP6523.jpg_220x220xz.jpg_.webp,https://ae01.alicdn.com/kf/Sd492490ee5b04d05ad737c48221dfb60x/Men-Manual-Beard-Shaver-Head-Replacement-Blade-Beard-Trimmer-Shaver-Blades-Spare-Parts-For-QP210-QP6523.jpg_220x220xz.jpg_.webp,10.3515625,1.481426886792453,0.1937734836285561,1.0,3.671875,10.3515625,1.0,100,0.9052560448559841,1.193773483628556,5.0
reduced_Upgrade-Blade-Eyeliner-Brush-Ultra-Thin-Fine-Angle-Flat-Eyebrow-Brush-Under-The-Eyes-Place-Makeup.jpg_220x220xz.jpg_.webp,Upgrade-Blade-Eyeliner-Brush-Ultra-Thin-Fine-Angle-Flat-Eyebrow-Brush-Under-The-Eyes-Place-Makeup.jpg_220x220xz.jpg_.webp,https://ae01.alicdn.com/kf/S48d8758c71e248dfa32d6e3c92739357x/Upgrade-Blade-Eyeliner-Brush-Ultra-Thin-Fine-Angle-Flat-Eyebrow-Brush-Under-The-Eyes-Place-Makeup.jpg_220x220xz.jpg_.webp,4.130859375,1.481426886792453,0.1937734836285561,1.0,1.30078125,4.130859375,1.0,100,0.9183639326727125,1.193773483628556,5.0
reduced_Hand-Blower-household-hand-portable-barbecue-blower-small-hair-dryer-outdoor-barbecue-accessories-tools.jpg_220x220xz.jpg_.webp,Hand-Blower-household-hand-portable-barbecue-blower-small-hair-dryer-outdoor-barbecue-accessories-tools.jpg_220x220xz.jpg_.webp,https://ae01.alicdn.com/kf/S4880f1080c3b4762b7a4e84b9fb1280at/Hand-Blower-household-hand-portable-barbecue-blower-small-hair-dryer-outdoor-barbecue-accessories-tools.jpg_220x220xz.jpg_.webp,8.265625,1.481426886792453,0.1937734836285561,1.0,2.31640625,8.265625,1.0,100,0.9088558169420411,1.193773483628556,5.0
reduced_10g-Party-DIY-Fluorescent-Super-luminous-Particles-Glow-Pigment-Bright-Gravel-Noctilucent-Sand-Glowing-in-the.jpg_220x220xz.jpg_.webp,10g-Party-DIY-Fluorescent-Super-luminous-Particles-Glow-Pigment-Bright-Gravel-Noctilucent-Sand-Glowing-in-the.jpg_220x220xz.jpg_.webp,https://ae01.alicdn.com/kf/H81572820268f4d3c8d2a84d092c9b1a1Y/10g-Party-DIY-Fluorescent-Super-luminous-Particles-Glow-Pigment-Bright-Gravel-Noctilucent-Sand-Glowing-in-the.jpg_220x220xz.jpg_.webp,18.619140625,1.8259447674418603,0.1937734836285561,1.0,3.658203125,18.619140625,1.0,100,0.9038819741027339,1.193773483628556,15.0
reduced_Winter-Gloves-Waterproof-Thermal-Touch-Screen-Thermal-Windproof-Warm-Gloves-Cold-Weather-Running-Sports-Hiking-Ski.jpg_220x220xz.jpg_.webp,Winter-Gloves-Waterproof-Thermal-Touch-Screen-Thermal-Windproof-Warm-Gloves-Cold-Weather-Running-Sports-Hiking-Ski.jpg_220x220xz.jpg_.webp,https://ae01.alicdn.com/kf/S54c8edb2dfca412c8085d451427d19d5d/Winter-Gloves-Waterproof-Thermal-Touch-Screen-Thermal-Windproof-Warm-Gloves-Cold-Weather-Running-Sports-Hiking-Ski.jpg_220x220xz.jpg_.webp,9.94140625,1.3537176724137931,0.1937734836285561,1.0,3.029296875,9.94140625,1.0,100,0.9151986403726093,1.193773483628556,10.0
reduced_4-4-6-5-8-5-10-12-inch-LCD-Drawing-Tablet-For-Children-Toys-Painting.jpg_220x220xz.jpg_.webp,4-4-6-5-8-5-10-12-inch-LCD-Drawing-Tablet-For-Children-Toys-Painting.jpg_220x220xz.jpg_.webp,https://ae01.alicdn.com/kf/S48b4d3676b994c4889c57bfe8afc7634g/4-4-6-5-8-5-10-12-inch-LCD-Drawing-Tablet-For-Children-Toys-Painting.jpg_220x220xz.jpg_.webp,6.337890625,1.3537176724137931,0.1937734836285561,1.0,1.673828125,6.337890625,1.0,100,0.9218199053974373,1.193773483628556,5.0
reduced_15meters-New-Tesa-Type-Coroplast-Adhesive-Cloth-Tape-For-Cable-Harness-Wiring-Loom-Width-9-15.jpg_220x220xz.jpg_.webp,15meters-New-Tesa-Type-Coroplast-Adhesive-Cloth-Tape-For-Cable-Harness-Wiring-Loom-Width-9-15.jpg_220x220xz.jpg_.webp,https://ae01.alicdn.com/kf/S11e1de8ad2d840e29f8568fc862a1019B/15meters-New-Tesa-Type-Coroplast-Adhesive-Cloth-Tape-For-Cable-Harness-Wiring-Loom-Width-9-15.jpg_220x220xz.jpg_.webp,11.111328125,1.3537176724137931,0.1937734836285561,1.0,5.681640625,11.111328125,1.0,100,0.9011122583794566,1.193773483628556,40.0
reduced_Shaving-Apron-for-Man-Beard-Shaving-Apron-Care-Bib-Face-Shaved-Hair-Adult-Bibs-Shaver-Cleaning.jpg_220x220xz.jpg_.webp,Shaving-Apron-for-Man-Beard-Shaving-Apron-Care-Bib-Face-Shaved-Hair-Adult-Bibs-Shaver-Cleaning.jpg_220x220xz.jpg_.webp,https://ae01.alicdn.com/kf/Hb9bb1a226c464066b28b5b5399ade7f3g/Shaving-Apron-for-Man-Beard-Shaving-Apron-Care-Bib-Face-Shaved-Hair-Adult-Bibs-Shaver-Cleaning.jpg_220x220xz.jpg_.webp,4.787109375,1.3537176724137931,0.1937734836285561,1.0,1.474609375,4.787109375,1.0,100,0.9405686991913675,1.193773483628556,5.0
reduced_For-Bathroom-Kitchen-Accessories-Shower-Bath-Sealing-Strip-Tape-Caulk-Strip-Self-Adhesive-Waterproof-Wall-Sticker.jpg_220x220xz.jpg_.webp,For-Bathroom-Kitchen-Accessories-Shower-Bath-Sealing-Strip-Tape-Caulk-Strip-Self-Adhesive-Waterproof-Wall-Sticker.jpg_220x220xz.jpg_.webp,https://ae01.alicdn.com/kf/S61e7bda96771440f8929c5d98d01b79ej/For-Bathroom-Kitchen-Accessories-Shower-Bath-Sealing-Strip-Tape-Caulk-Strip-Self-Adhesive-Waterproof-Wall-Sticker.jpg_220x220xz.jpg_.webp,4.20703125,1.3537176724137931,0.1937734836285561,1.0,1.091796875,4.20703125,1.0,100,0.9147509674763944,1.193773483628556,5.0
reduced_Luxury-Transparent-Plating-For-Magsafe-Case-For-Samsung-Galaxy-S21-S22-S23-Ultra-Plus-Wireless-Charge.jpg_220x220xz.jpg_.webp,Luxury-Transparent-Plating-For-Magsafe-Case-For-Samsung-Galaxy-S21-S22-S23-Ultra-Plus-Wireless-Charge.jpg_220x220xz.jpg_.webp,https://ae01.alicdn.com/kf/Sa3905f045e6f421c917166582ececedfx/Luxury-Transparent-Plating-For-Magsafe-Case-For-Samsung-Galaxy-S21-S22-S23-Ultra-Plus-Wireless-Charge.jpg_220x220xz.jpg_.webp,11.8125,1.246279761904762,0.1937734836285561,1.0,6.736328125,11.8125,1.0,100,0.9091032295243313,1.193773483628556,30.0
reduced_10-20Pcs-Set-New-Cute-Bowknot-Headbands-Girls-Elastic-Hair-Bands-Hair-Accessories-for-Kids-Cartoon.jpg_220x220xz.jpg_.webp,10-20Pcs-Set-New-Cute-Bowknot-Headbands-Girls-Elastic-Hair-Bands-Hair-Accessories-for-Kids-Cartoon.jpg_220x220xz.jpg_.webp,https://ae01.alicdn.com/kf/S141630f0bdae4b7da04596551903fd5fu/10-20Pcs-Set-New-Cute-Bowknot-Headbands-Girls-Elastic-Hair-Bands-Hair-Accessories-for-Kids-Cartoon.jpg_220x220xz.jpg_.webp,16.962890625,1.246279761904762,0.1937734836285561,1.0,6.751953125,16.962890625,1.0,100,0.915305543467687,1.193773483628556,20.0
reduced_Photochromic-Sunglasses-Men-Polarized-Driving-Chameleon-Glasses-Male-Change-Color-Sun-Glasses-Day-Night-Vision-Driver.jpg_220x220xz.jpg_.webp,Photochromic-Sunglasses-Men-Polarized-Driving-Chameleon-Glasses-Male-Change-Color-Sun-Glasses-Day-Night-Vision-Driver.jpg_220x220xz.jpg_.webp,https://ae01.alicdn.com/kf/Se4766dbae7b6430fa986808603f714a3R/Photochromic-Sunglasses-Men-Polarized-Driving-Chameleon-Glasses-Male-Change-Color-Sun-Glasses-Day-Night-Vision-Driver.jpg_220x220xz.jpg_.webp,4.669921875,1.246279761904762,0.1937734836285561,1.0,1.171875,4.669921875,1.0,100,0.914557067812667,1.193773483628556,5.0
reduced_Hair-Accessories-Heatless-Curls-Beauty-Curly-Products-Curler-Curling-Iron-Flexi-Rods-Magic-Hairdresser-Tools-Hair.jpg_220x220xz.jpg_.webp,Hair-Accessories-Heatless-Curls-Beauty-Curly-Products-Curler-Curling-Iron-Flexi-Rods-Magic-Hairdresser-Tools-Hair.jpg_220x220xz.jpg_.webp,https://ae01.alicdn.com/kf/Sc83365805cae4b1f840dbc255e1485b5X/Hair-Accessories-Heatless-Curls-Beauty-Curly-Products-Curler-Curling-Iron-Flexi-Rods-Magic-Hairdresser-Tools-Hair.jpg_220x220xz.jpg_.webp,7.861328125,1.246279761904762,0.1937734836285561,1.0,2.056640625,7.861328125,1.0,100,0.9080779013503029,1.193773483628556,5.0
reduced_1PCS-3D-Laser-Heart-Letter-Nail-Sticker-Nail-Art-Decoration-Flower-Star-Nail-Accessories-Decal-Stickers.jpg_220x220xz.jpg_.webp,1PCS-3D-Laser-Heart-Letter-Nail-Sticker-Nail-Art-Decoration-Flower-Star-Nail-Accessories-Decal-Stickers.jpg_220x220xz.jpg_.webp,https://ae01.alicdn.com/kf/Sd61674ba498c42e2ad5d4fd38c79c34fd/1PCS-3D-Laser-Heart-Letter-Nail-Sticker-Nail-Art-Decoration-Flower-Star-Nail-Accessories-Decal-Stickers.jpg_220x220xz.jpg_.webp,11.921875,1.246279761904762,0.1937734836285561,1.0,4.302734375,11.921875,1.0,100,0.9143582516108879,1.193773483628556,10.0
reduced_Adhesive-Toilet-Roll-Paper-Holder-Organizer-Wall-Mount-Storage-Stand-Kitchen-Bathroom-No-Drill-Tissue-Towel.jpg_220x220xz.jpg_.webp,Adhesive-Toilet-Roll-Paper-Holder-Organizer-Wall-Mount-Storage-Stand-Kitchen-Bathroom-No-Drill-Tissue-Towel.jpg_220x220xz.jpg_.webp,https://ae01.alicdn.com/kf/S9b819af048094e6aaff633e1ec117a189/Adhesive-Toilet-Roll-Paper-Holder-Organizer-Wall-Mount-Storage-Stand-Kitchen-Bathroom-No-Drill-Tissue-Towel.jpg_220x220xz.jpg_.webp,7.71875,1.481426886792453,0.1937734836285561,1.0,2.8203125,7.71875,1.0,100,0.9017699366078717,1.193773483628556,20.0
reduced_1-4PC-Stove-Protector-Cover-Liner-Gas-Stove-Protector-Gas-Stove-Stovetop-Burner-Protector-Kitchen-Accessories.jpg_220x220xz.jpg_.webp,1-4PC-Stove-Protector-Cover-Liner-Gas-Stove-Protector-Gas-Stove-Stovetop-Burner-Protector-Kitchen-Accessories.jpg_220x220xz.jpg_.webp,https://ae01.alicdn.com/kf/H6e448018a0e54a499b72ffe0cdc24814v/1-4PC-Stove-Protector-Cover-Liner-Gas-Stove-Protector-Gas-Stove-Stovetop-Burner-Protector-Kitchen-Accessories.jpg_220x220xz.jpg_.webp,5.26953125,2.0662006578947367,0.1937734836285561,1.0,1.498046875,5.26953125,1.0,100,0.914149175930905,1.193773483628556,5.0
reduced_Mini-Tracking-Device-Tracking-Air-Tag-Key-Child-Finder-Pet-Tracker-Location-Smart-Bluetooth-Tracker-Car.jpg_220x220xz.jpg_.webp,Mini-Tracking-Device-Tracking-Air-Tag-Key-Child-Finder-Pet-Tracker-Location-Smart-Bluetooth-Tracker-Car.jpg_220x220xz.jpg_.webp,https://ae01.alicdn.com/kf/Sba697dac347c425bbbc16a0f71d8a534W/Mini-Tracking-Device-Tracking-Air-Tag-Key-Child-Finder-Pet-Tracker-Location-Smart-Bluetooth-Tracker-Car.jpg_220x220xz.jpg_.webp,6.033203125,3.413722826086957,0.1937734836285561,1.0,1.64453125,6.033203125,1.0,100,0.9129735372255607,1.193773483628556,5.0
reduced_Artificial-Plants-Bonsai-Small-Tree-Pot-Fake-Plant-Flowers-Potted-Ornaments-For-Home-Room-Table-Decoration.jpg_220x220xz.jpg_.webp,Artificial-Plants-Bonsai-Small-Tree-Pot-Fake-Plant-Flowers-Potted-Ornaments-For-Home-Room-Table-Decoration.jpg_220x220xz.jpg_.webp,https://ae01.alicdn.com/kf/H52f3301f4373488b916cd59255a8807ax/Artificial-Plants-Bonsai-Small-Tree-Pot-Fake-Plant-Flowers-Potted-Ornaments-For-Home-Room-Table-Decoration.jpg_220x220xz.jpg_.webp,7.921875,2.0662006578947367,0.1937734836285561,1.0,1.978515625,7.921875,1.0,100,0.9004733862163179,1.193773483628556,5.0
reduced_Silicone-Strap-For-Apple-Watch-Band-44mm-40mm-45mm-41mm-49mm-42mm-38mm-44-45-mm.jpg_220x220xz.jpg_.webp,Silicone-Strap-For-Apple-Watch-Band-44mm-40mm-45mm-41mm-49mm-42mm-38mm-44-45-mm.jpg_220x220xz.jpg_.webp,https://ae01.alicdn.com/kf/S375262439133452aa3f46de6582bcc14f/Silicone-Strap-For-Apple-Watch-Band-44mm-40mm-45mm-41mm-49mm-42mm-38mm-44-45-mm.jpg_220x220xz.jpg_.webp,6.87890625,4.439045936395761,0.1937734836285561,1.0,4.255859375,6.87890625,1.0,100,0.9005074339192128,1.193773483628556,5.0
reduced_Luxury-Matte-Magnetic-For-Magsafe-Wireless-Charge-Case-For-iPhone-14-13-11-12-Pro-Max.jpg_220x220xz.jpg_.webp,Luxury-Matte-Magnetic-For-Magsafe-Wireless-Charge-Case-For-iPhone-14-13-11-12-Pro-Max.jpg_220x220xz.jpg_.webp,https://ae01.alicdn.com/kf/Sb3cbdc26a92941e19040a95a0b1b6bf0K/Luxury-Matte-Magnetic-For-Magsafe-Wireless-Charge-Case-For-iPhone-14-13-11-12-Pro-Max.jpg_220x220xz.jpg_.webp,3.966796875,4.439045936395761,0.1937734836285561,1.0,1.21484375,3.966796875,1.0,100,0.9270691105445943,1.193773483628556,5.0
reduced_Multifunctional-Double-Sided-Adhesive-Tape-Waterproof-Reusable-Wall-Stickers-Transparent-Strong-Sticky-Glue-Car-Bathroom-Kitchen.jpg_220x220xz.jpg_.webp,Multifunctional-Double-Sided-Adhesive-Tape-Waterproof-Reusable-Wall-Stickers-Transparent-Strong-Sticky-Glue-Car-Bathroom-Kitchen.jpg_220x220xz.jpg_.webp,https://ae01.alicdn.com/kf/S09e9ac47edba4cdeb04dbd59279e6ba5J/Multifunctional-Double-Sided-Adhesive-Tape-Waterproof-Reusable-Wall-Stickers-Transparent-Strong-Sticky-Glue-Car-Bathroom-Kitchen.jpg_220x220xz.jpg_.webp,7.384765625,4.439045936395761,0.1937734836285561,1.0,3.8828125,7.384765625,1.0,100,0.9099175022706187,1.193773483628556,30.0
reduced_Germany-nail-clipper-set-a-full-set-of-new-high-grade-men-and-women-on-special.jpg_220x220xz.jpg_.webp,Germany-nail-clipper-set-a-full-set-of-new-high-grade-men-and-women-on-special.jpg_220x220xz.jpg_.webp,https://ae01.alicdn.com/kf/Se82e65e3441245d0b23b2b3211d55e41C/Germany-nail-clipper-set-a-full-set-of-new-high-grade-men-and-women-on-special.jpg_220x220xz.jpg_.webp,7.166015625,4.439045936395761,0.1937734836285561,1.0,2.009765625,7.166015625,1.0,100,0.9300551356166975,1.193773483628556,5.0
reduced_Computer-Repair-Kit-122-in-1-Magnetic-Laptop-Screwdriver-Kit-Precision-Screwdriver-Set-Small-Impact-Screw.jpg_220x220xz.jpg_.webp,Computer-Repair-Kit-122-in-1-Magnetic-Laptop-Screwdriver-Kit-Precision-Screwdriver-Set-Small-Impact-Screw.jpg_220x220xz.jpg_.webp,https://ae01.alicdn.com/kf/Sa117b584b6f841eab8dd33203962951f6/Computer-Repair-Kit-122-in-1-Magnetic-Laptop-Screwdriver-Kit-Precision-Screwdriver-Set-Small-Impact-Screw.jpg_220x220xz.jpg_.webp,10.884765625,4.439045936395761,0.1937734836285561,1.0,3.80859375,10.884765625,1.0,100,0.9304035878985514,1.193773483628556,10.0
Modern-Fashion-Marble-Kitchen-Mat-Bathroom-Corridor-Anti-Slip-Carpet-Home-Bedroom-Children-s-Bedside-Floor.jpg_220x220xz.jpg_.webp,Modern-Fashion-Marble-Kitchen-Mat-Bathroom-Corridor-Anti-Slip-Carpet-Home-Bedroom-Children-s-Bedside-Floor.jpg_220x220xz.jpg_.webp,https://ae01.alicdn.com/kf/Scd58b8fb7a5840f48a4e223ddb50c031S/Modern-Fashion-Marble-Kitchen-Mat-Bathroom-Corridor-Anti-Slip-Carpet-Home-Bedroom-Children-s-Bedside-Floor.jpg_220x220xz.jpg_.webp,10.4921875,3.413722826086957,0.1937734836285561,1.0,10.4921875,10.4921875,1.0,100,1.0,1.193773483628556,
127-800pcs-Heat-Shrink-Tube-Thermoresistant-Heat-shrink-Tubing-Wrapping-Kit-Electrical-Connection-Wire-Cable-Insulation.jpg_220x220xz.jpg_.webp,127-800pcs-Heat-Shrink-Tube-Thermoresistant-Heat-shrink-Tubing-Wrapping-Kit-Electrical-Connection-Wire-Cable-Insulation.jpg_220x220xz.jpg_.webp,https://ae01.alicdn.com/kf/S23777a93d89b48cfbc3ad65a9062d78aq/127-800pcs-Heat-Shrink-Tube-Thermoresistant-Heat-shrink-Tubing-Wrapping-Kit-Electrical-Connection-Wire-Cable-Insulation.jpg_220x220xz.jpg_.webp,7.205078125,3.413722826086957,0.1937734836285561,1.0,7.205078125,7.205078125,1.0,100,1.0,1.193773483628556,
Jeans-Organization-Storage-Box-Closet-Organizer-Clothing-Organization-System-Drawer-Organizers-Cabinet-Pants-Storage-Organizer.jpg_220x220xz.jpg_.webp,Jeans-Organization-Storage-Box-Closet-Organizer-Clothing-Organization-System-Drawer-Organizers-Cabinet-Pants-Storage-Organizer.jpg_220x220xz.jpg_.webp,https://ae01.alicdn.com/kf/S8946657dd5914e978899a7a4a190ffa4B/Jeans-Organization-Storage-Box-Closet-Organizer-Clothing-Organization-System-Drawer-Organizers-Cabinet-Pants-Storage-Organizer.jpg_220x220xz.jpg_.webp,10.595703125,3.413722826086957,0.1937734836285561,1.0,10.595703125,10.595703125,1.0,100,1.0,1.193773483628556,
1080-Universal-Rotation-Faucet-Sprayer-Head-Dual-Effluent-Washbasin-Kitchen-Robot-Arm-Extension-Faucets-Aerator-Bubbler.jpg_220x220xz.jpg_.webp,1080-Universal-Rotation-Faucet-Sprayer-Head-Dual-Effluent-Washbasin-Kitchen-Robot-Arm-Extension-Faucets-Aerator-Bubbler.jpg_220x220xz.jpg_.webp,https://ae01.alicdn.com/kf/Sc4f628a126624fbda93ef78e15310d0ak/1080-Universal-Rotation-Faucet-Sprayer-Head-Dual-Effluent-Washbasin-Kitchen-Robot-Arm-Extension-Faucets-Aerator-Bubbler.jpg_220x220xz.jpg_.webp,5.96875,2.804129464285715,0.1937734836285561,1.0,5.96875,5.96875,1.0,100,1.0,1.193773483628556,
Hallway-Entrance-Doormat-Dollar-Money-Pattern-Living-Room-Floor-Rugs-Home-Decor-Kitchen-Absorbent-Carpet-Anti.jpg_220x220xz.jpg_.webp,Hallway-Entrance-Doormat-Dollar-Money-Pattern-Living-Room-Floor-Rugs-Home-Decor-Kitchen-Absorbent-Carpet-Anti.jpg_220x220xz.jpg_.webp,https://ae01.alicdn.com/kf/S77d5fe02214349fe843ad2bf36927cc5t/Hallway-Entrance-Doormat-Dollar-Money-Pattern-Living-Room-Floor-Rugs-Home-Decor-Kitchen-Absorbent-Carpet-Anti.jpg_220x220xz.jpg_.webp,10.416015625,2.804129464285715,0.1937734836285561,1.0,10.416015625,10.416015625,1.0,100,1.0,1.193773483628556,
2in1-Microfiber-Screen-Cleaner-Spray-Bottle-Set-Mobile-Phone-Ipad-Computer-Microfiber-Cloth-Wipe-Iphone-Cleaning.jpg_220x220xz.jpg_.webp,2in1-Microfiber-Screen-Cleaner-Spray-Bottle-Set-Mobile-Phone-Ipad-Computer-Microfiber-Cloth-Wipe-Iphone-Cleaning.jpg_220x220xz.jpg_.webp,https://ae01.alicdn.com/kf/S04025930d5ee4f6cb3eef8095983a8f57/2in1-Microfiber-Screen-Cleaner-Spray-Bottle-Set-Mobile-Phone-Ipad-Computer-Microfiber-Cloth-Wipe-Iphone-Cleaning.jpg_220x220xz.jpg_.webp,11.53515625,3.413722826086957,0.1937734836285561,1.0,11.53515625,11.53515625,1.0,100,1.0,1.193773483628556,
Super-Absorbent-Coffee-Dish-Large-Kitchen-Absorbent-Draining-Mat-Drying-Mat-Quick-Dry-Bathroom-Drain-Pad.jpg_220x220xz.jpg_.webp,Super-Absorbent-Coffee-Dish-Large-Kitchen-Absorbent-Draining-Mat-Drying-Mat-Quick-Dry-Bathroom-Drain-Pad.jpg_220x220xz.jpg_.webp,https://ae01.alicdn.com/kf/Sdf5a5e2d13414e248964ad9774ffef69K/Super-Absorbent-Coffee-Dish-Large-Kitchen-Absorbent-Draining-Mat-Drying-Mat-Quick-Dry-Bathroom-Drain-Pad.jpg_220x220xz.jpg_.webp,6.353515625,2.804129464285715,0.1937734836285561,1.0,6.353515625,6.353515625,1.0,100,1.0,1.193773483628556,
German-Ultra-fine-No-5-Cell-Pimples-Blackhead-Clip-Tweezers-Beauty-Salon-Special-Scraping-Closing-Artifact.jpg_220x220xz.jpg_.webp,German-Ultra-fine-No-5-Cell-Pimples-Blackhead-Clip-Tweezers-Beauty-Salon-Special-Scraping-Closing-Artifact.jpg_220x220xz.jpg_.webp,https://ae01.alicdn.com/kf/Saa35e9589254424aa6b00111c382ffcf9/German-Ultra-fine-No-5-Cell-Pimples-Blackhead-Clip-Tweezers-Beauty-Salon-Special-Scraping-Closing-Artifact.jpg_220x220xz.jpg_.webp,1.748046875,2.0662006578947367,0.1937734836285561,1.0,1.748046875,1.748046875,1.0,100,1.0,1.193773483628556,
61PCS-Mobile-Phone-Speaker-Dust-Removal-Cleaner-Tool-Kit-For-iPhone-Samsung-Xiaomi-Universal-Phones-Dustproof.jpg_220x220xz.jpg_.webp,61PCS-Mobile-Phone-Speaker-Dust-Removal-Cleaner-Tool-Kit-For-iPhone-Samsung-Xiaomi-Universal-Phones-Dustproof.jpg_220x220xz.jpg_.webp,https://ae01.alicdn.com/kf/S73f15c911db94661a2626fd4b73ec2367/61PCS-Mobile-Phone-Speaker-Dust-Removal-Cleaner-Tool-Kit-For-iPhone-Samsung-Xiaomi-Universal-Phones-Dustproof.jpg_220x220xz.jpg_.webp,6.501953125,2.0662006578947367,0.1937734836285561,1.0,6.501953125,6.501953125,1.0,100,1.0,1.193773483628556,
Clothes-Organizer-Trousers-Clothes-Jeans-Storage-Box-Wardrobe-Clothes-Organizer-Underwear-Bra-Socks-Artifact-Compartment-Box.jpg_220x220xz.jpg_.webp,Clothes-Organizer-Trousers-Clothes-Jeans-Storage-Box-Wardrobe-Clothes-Organizer-Underwear-Bra-Socks-Artifact-Compartment-Box.jpg_220x220xz.jpg_.webp,https://ae01.alicdn.com/kf/S850f844c711a492faf900d0ef82e494as/Clothes-Organizer-Trousers-Clothes-Jeans-Storage-Box-Wardrobe-Clothes-Organizer-Underwear-Bra-Socks-Artifact-Compartment-Box.jpg_220x220xz.jpg_.webp,9.263671875,2.0662006578947367,0.1937734836285561,1.0,9.263671875,9.263671875,1.0,100,1.0,1.193773483628556,
6Pcs-Set-20mm-Deep-Hole-Long-Nib-Head-Markers-For-Metal-Perforating-Pen-Waterproof-Bathroom-Woodworking.jpg_220x220xz.jpg_.webp,6Pcs-Set-20mm-Deep-Hole-Long-Nib-Head-Markers-For-Metal-Perforating-Pen-Waterproof-Bathroom-Woodworking.jpg_220x220xz.jpg_.webp,https://ae01.alicdn.com/kf/Saaf185973fea40f8bc65637947424a49E/6Pcs-Set-20mm-Deep-Hole-Long-Nib-Head-Markers-For-Metal-Perforating-Pen-Waterproof-Bathroom-Woodworking.jpg_220x220xz.jpg_.webp,15.01171875,2.804129464285715,0.1937734836285561,1.0,15.01171875,15.01171875,1.0,100,1.0,1.193773483628556,
Stainless-Steel-Garlic-Press-Crusher-Manual-Garlic-Mincer-Chopping-Garlic-Tool-Fruit-Vegetable-Tools-Kitchen-Accessories.jpg_220x220xz.jpg_.webp,Stainless-Steel-Garlic-Press-Crusher-Manual-Garlic-Mincer-Chopping-Garlic-Tool-Fruit-Vegetable-Tools-Kitchen-Accessories.jpg_220x220xz.jpg_.webp,https://ae01.alicdn.com/kf/Sc45110f6f0a448feb10da27b2613ade0C/Stainless-Steel-Garlic-Press-Crusher-Manual-Garlic-Mincer-Chopping-Garlic-Tool-Fruit-Vegetable-Tools-Kitchen-Accessories.jpg_220x220xz.jpg_.webp,8.541015625,2.379261363636364,0.1937734836285561,1.0,8.541015625,8.541015625,1.0,100,1.0,1.193773483628556,
Gold-Plated-Bitcoin-Coin-Collectible-Art-Collection-Gift-Physical-Commemorative-Casascius-crypto-coin-Metal-Antique-Imitation.jpg_220x220xz.jpg_.webp,Gold-Plated-Bitcoin-Coin-Collectible-Art-Collection-Gift-Physical-Commemorative-Casascius-crypto-coin-Metal-Antique-Imitation.jpg_220x220xz.jpg_.webp,https://ae01.alicdn.com/kf/Hbef3e8b643ee47708eff739a035aac20M/Gold-Plated-Bitcoin-Coin-Collectible-Art-Collection-Gift-Physical-Commemorative-Casascius-crypto-coin-Metal-Antique-Imitation.jpg_220x220xz.jpg_.webp,9.615234375,2.379261363636364,0.1937734836285561,1.0,9.615234375,9.615234375,1.0,100,1.0,1.193773483628556,
Shoe-Brush-Automatic-Liquid-Discharge-Deep-Cleaning-Soft-Bristles-Household-Laundry-Cleaning-Brush-for-Daily-Use.jpg_220x220xz.jpg_.webp,Shoe-Brush-Automatic-Liquid-Discharge-Deep-Cleaning-Soft-Bristles-Household-Laundry-Cleaning-Brush-for-Daily-Use.jpg_220x220xz.jpg_.webp,https://ae01.alicdn.com/kf/Sd375d4e3bbfd495683b66a577fe3bd32l/Shoe-Brush-Automatic-Liquid-Discharge-Deep-Cleaning-Soft-Bristles-Household-Laundry-Cleaning-Brush-for-Daily-Use.jpg_220x220xz.jpg_.webp,6.232421875,2.379261363636364,0.1937734836285561,1.0,6.232421875,6.232421875,1.0,100,1.0,1.193773483628556,
Hot-Stapler-Plastic-Welding-Machine-Bumper-Repair-Kit-Soldering-Iron-For-Plastic-Repair-Car-Bumper-Repair.jpg_220x220xz.jpg_.webp,Hot-Stapler-Plastic-Welding-Machine-Bumper-Repair-Kit-Soldering-Iron-For-Plastic-Repair-Car-Bumper-Repair.jpg_220x220xz.jpg_.webp,https://ae01.alicdn.com/kf/S9ea100d25b014636b3142db96210aee1J/Hot-Stapler-Plastic-Welding-Machine-Bumper-Repair-Kit-Soldering-Iron-For-Plastic-Repair-Car-Bumper-Repair.jpg_220x220xz.jpg_.webp,7.123046875,2.379261363636364,0.1937734836285561,1.0,7.123046875,7.123046875,1.0,100,1.0,1.193773483628556,
New-Technology-Colorful-Unlimited-Writing-Eternal-Pencil-No-Ink-Pen-Magic-Pencils-Painting-Supplies-Novelty-Gifts.jpg_220x220xz.jpg_.webp,New-Technology-Colorful-Unlimited-Writing-Eternal-Pencil-No-Ink-Pen-Magic-Pencils-Painting-Supplies-Novelty-Gifts.jpg_220x220xz.jpg_.webp,https://ae01.alicdn.com/kf/S4b8da96c62a44242b91e4ef4d7af20b44/New-Technology-Colorful-Unlimited-Writing-Eternal-Pencil-No-Ink-Pen-Magic-Pencils-Painting-Supplies-Novelty-Gifts.jpg_220x220xz.jpg_.webp,9.30859375,2.804129464285715,0.1937734836285561,1.0,9.30859375,9.30859375,1.0,100,1.0,1.193773483628556,
150mm-100mm-Electronic-Digital-Caliper-Carbon-Fiber-Dial-Vernier-Caliper-Gauge-Micrometer-Measuring-Tool-Digital-Ruler.jpg_220x220xz.jpg_.webp,150mm-100mm-Electronic-Digital-Caliper-Carbon-Fiber-Dial-Vernier-Caliper-Gauge-Micrometer-Measuring-Tool-Digital-Ruler.jpg_220x220xz.jpg_.webp,https://ae01.alicdn.com/kf/Sa1adc3c28f584b15b85c1ba4446df392T/150mm-100mm-Electronic-Digital-Caliper-Carbon-Fiber-Dial-Vernier-Caliper-Gauge-Micrometer-Measuring-Tool-Digital-Ruler.jpg_220x220xz.jpg_.webp,5.89453125,2.379261363636364,0.1937734836285561,1.0,5.89453125,5.89453125,1.0,100,1.0,1.193773483628556,
S9caf9e435e4142d79bbd82b7a9297e43B.png_.webp,S9caf9e435e4142d79bbd82b7a9297e43B.png_.webp,https://ae01.alicdn.com/kf/S9caf9e435e4142d79bbd82b7a9297e43B.png_.webp,15.82421875,18.474264705882373,1.0,1.0,15.82421875,15.82421875,1.0,100,1.0,2.0,
132x64.png,132x64.png,https://ae01.alicdn.com/kf/S43468b2e3aea4a69b872522ba8e01a4aG/132x64.png,3.53515625,1.878504672897196,0.0024959742351046,2.024390243902439,3.53515625,1.453125,1.0,90,1.0,2.026886218137544,
190x64.png,190x64.png,https://ae01.alicdn.com/kf/S051e42ccb51347c58a6083a38aa7bcffP/190x64.png,6.5537109375,3.654545454545455,0.0036231884057971,2.3030949839914623,6.5537109375,4.7236328125,1.0,90,1.0,2.306718172397259,
Hf768b4fa794e44bfb7cc86e4a528a035h.png,Hf768b4fa794e44bfb7cc86e4a528a035h.png,https://ae01.alicdn.com/kf/Hf768b4fa794e44bfb7cc86e4a528a035h.png,4.423828125,1.0,0.0,2.736842105263158,4.423828125,2.8837890625,1.0,90,1.0,2.736842105263158,
48x48.png,48x48.png,https://ae01.alicdn.com/kf/S567d6bf538214abf95c1e5825c7e6a05t/48x48.png,1.4833984375,3.5944206008583697,0.0006494900697799,6.64,1.4833984375,0.8486328125,1.0,90,1.0,6.640649490069779,
32x32.png,32x32.png,https://ae01.alicdn.com/kf/S4583437336344f2e851376f8f829a11dS/32x32.png,0.646484375,1.5315452605912832,0.0013741277509393,22.95744680851064,0.646484375,0.462890625,1.0,80,1.0,22.958820936261574,
Ha5a9d424edd045779172f9a4456d0e15t.png,Ha5a9d424edd045779172f9a4456d0e15t.png,https://ae01.alicdn.com/kf/Ha5a9d424edd045779172f9a4456d0e15t.png,0.572265625,1.0,0.0024906065485775,63.47058823529412,0.572265625,0.505859375,1.0,70,1.0,63.4730788418427,
24x24.png,24x24.png,https://ae01.alicdn.com/kf/S512358c96d044cc1a674e39be055db98O/24x24.png,0.431640625,1.2904468412942989,0.0030917874396135,539.5000000000001,0.431640625,0.423828125,1.0,90,1.0,539.5030917874398,
